{"version": "12.1.0-alpha", "features": ["cf", "elo_diff", "tilt", "fatigue", "ref_bias"], "best_params": {"max_iter": 188, "max_depth": 3, "learning_rate": 0.02586975480191259, "l2_regularization": 3.038995514865982}, "log_loss_score": -0.3707385566907122, "normalization": {"mean": {"cf": 1.503777520813384, "elo_diff": -5.43880560987745, "tilt": 0.4921998022900514, "fatigue": 0.509628068921556, "ref_bias": 0.00015862323874844489}, "std": {"cf": 0.8601135691200954, "elo_diff": 174.94715383935983, "tilt": 0.288117284859462, "fatigue": 0.28476621137129, "ref_bias": 0.057635925624507145}}}